region,lat,long,population,2020-02-24,2020-02-25,2020-02-26,2020-02-27,2020-02-28,2020-02-29,2020-03-01,2020-03-02,2020-03-03,2020-03-04,2020-03-05,2020-03-06,2020-03-07,2020-03-08,2020-03-09,2020-03-10,2020-03-11,2020-03-12,2020-03-13,2020-03-14,2020-03-15,2020-03-16,2020-03-17,2020-03-18,2020-03-19,2020-03-20,2020-03-21,2020-03-22,2020-03-23,2020-03-24,2020-03-25,2020-03-26,2020-03-27,2020-03-28,2020-03-29,2020-03-30,2020-03-31,2020-04-01,2020-04-02,2020-04-03,2020-04-04,2020-04-05,2020-04-06,2020-04-07,2020-04-08,2020-04-09,2020-04-10,2020-04-11,2020-04-12,2020-04-13,2020-04-14,2020-04-15,2020-04-16,2020-04-17,2020-04-18,2020-04-19,2020-04-20,2020-04-21,2020-04-22,2020-04-23,2020-04-24,2020-04-25,2020-04-26,2020-04-27,2020-04-28,2020-04-29,2020-04-30,2020-05-01,2020-05-02,2020-05-03,2020-05-04,2020-05-05,2020-05-06,2020-05-07,2020-05-08,2020-05-09,2020-05-10,2020-05-11,2020-05-12,2020-05-13,2020-05-14,2020-05-15,2020-05-16,2020-05-17,2020-05-18,2020-05-19,2020-05-20,2020-05-21,2020-05-22,2020-05-23,2020-05-24,2020-05-25,2020-05-26,2020-05-27,2020-05-28,2020-05-29,2020-05-30,2020-05-31,2020-06-01,2020-06-02,2020-06-03,2020-06-04,2020-06-05,2020-06-06,2020-06-07,2020-06-08,2020-06-09,2020-06-10,2020-06-11,2020-06-12,2020-06-13,2020-06-14,2020-06-15,2020-06-16,2020-06-17,2020-06-18,2020-06-19,2020-06-20,2020-06-21,2020-06-22,2020-06-23,2020-06-24,2020-06-25,2020-06-26,2020-06-27,2020-06-28,2020-06-29,2020-06-30,2020-07-01,2020-07-02,2020-07-03,2020-07-04,2020-07-05,2020-07-06,2020-07-07,2020-07-08,2020-07-09,2020-07-10,2020-07-11,2020-07-12,2020-07-13,2020-07-14,2020-07-15,2020-07-16,2020-07-17,2020-07-18,2020-07-19,2020-07-20,2020-07-21,2020-07-22,2020-07-23,2020-07-24,2020-07-25,2020-07-26,2020-07-27,2020-07-28,2020-07-29,2020-07-30,2020-07-31,2020-08-01,2020-08-02,2020-08-03,2020-08-04,2020-08-05,2020-08-06,2020-08-07,2020-08-08,2020-08-09,2020-08-10,2020-08-11,2020-08-12,2020-08-13,2020-08-14,2020-08-15,2020-08-16,2020-08-17,2020-08-18,2020-08-19,2020-08-20,2020-08-21,2020-08-22,2020-08-23,2020-08-24,2020-08-25,2020-08-26,2020-08-27,2020-08-28,2020-08-29,2020-08-30,2020-08-31,2020-09-01,2020-09-02,2020-09-03,2020-09-04,2020-09-05,2020-09-06,2020-09-07,2020-09-08,2020-09-09,2020-09-10,2020-09-11,2020-09-12,2020-09-13,2020-09-14,2020-09-15,2020-09-16,2020-09-17,2020-09-18,2020-09-19,2020-09-20,2020-09-21,2020-09-22,2020-09-23,2020-09-24,2020-09-25,2020-09-26,2020-09-27,2020-09-28,2020-09-29,2020-09-30,2020-10-01,2020-10-02,2020-10-03,2020-10-04,2020-10-05,2020-10-06,2020-10-07,2020-10-08,2020-10-09,2020-10-10,2020-10-11,2020-10-12,2020-10-13,2020-10-14,2020-10-15,2020-10-16,2020-10-17,2020-10-18,2020-10-19,2020-10-20,2020-10-21,2020-10-22,2020-10-23,2020-10-24,2020-10-25,2020-10-26,2020-10-27,2020-10-28,2020-10-29,2020-10-30,2020-10-31,2020-11-01,2020-11-02,2020-11-03,2020-11-04,2020-11-05,2020-11-06,2020-11-07,2020-11-08,2020-11-09,2020-11-10,2020-11-11,2020-11-12,2020-11-13,2020-11-14,2020-11-15,2020-11-16,2020-11-17,2020-11-18,2020-11-19,2020-11-20,2020-11-21,2020-11-22,2020-11-23,2020-11-24,2020-11-25,2020-11-26,2020-11-27,2020-11-28,2020-11-29,2020-11-30,2020-12-01,2020-12-02,2020-12-03,2020-12-04,2020-12-05,2020-12-06,2020-12-07,2020-12-08,2020-12-09,2020-12-10,2020-12-11,2020-12-12,2020-12-13,2020-12-14,2020-12-15,2020-12-16,2020-12-17,2020-12-18,2020-12-19,2020-12-20,2020-12-21,2020-12-22,2020-12-23,2020-12-24,2020-12-25,2020-12-26,2020-12-27,2020-12-28
Abruzzo,42.35122196,13.39843823,1305770,0,0,0,1,1,2,5,5,6,7,8,9,11,17,30,38,38,84,89,112,137,176,229,263,385,449,529,587,663,689,813,946,1017,1133,1293,1345,1401,1436,1497,1563,1628,1703,1721,1799,1859,1931,2014,2120,2160,2213,2245,2274,2346,2443,2487,2521,2612,2667,2733,2785,2803,2832,2859,2874,2899,2923,2930,2948,2964,2996,3000,3025,3047,3072,3078,3086,3103,3107,3115,3127,3136,3148,3178,3186,3193,3197,3205,3212,3220,3221,3226,3227,3230,3235,3237,3237,3237,3244,3245,3249,3252,3255,3257,3258,3265,3265,3266,3266,3267,3271,3275,3279,3279,3280,3281,3281,3280,3281,3281,3282,3282,3283,3284,3285,3285,3286,3287,3287,3289,3292,3298,3305,3309,3309,3309,3310,3318,3321,3323,3328,3328,3328,3331,3333,3334,3335,3336,3342,3344,3342,3352,3356,3359,3359,3368,3369,3373,3377,3382,3387,3389,3398,3401,3420,3435,3474,3486,3502,3509,3512,3516,3532,3545,3558,3560,3565,3570,3577,3581,3604,3628,3648,3652,3662,3687,3705,3725,3739,3773,3777,3780,3804,3828,3853,3865,3891,3906,3919,3921,3932,3967,3978,4015,4016,4034,4052,4083,4137,4137,4137,4209,4227,4249,4266,4317,4333,4380,4384,4397,4419,4449,4498,4540,4577,4607,4655,4715,4783,4886,4980,5057,5174,5320,5446,5648,5825,5973,6194,6353,6534,6786,7091,7325,7700,8068,8414,8759,9193,9674,10102,10552,11041,11519,12120,12543,13114,13505,13936,14519,15143,15888,16550,17091,17774,18713,19182,19823,20552,21193,21842,22547,23088,23648,24288,24822,25445,26015,26525,27056,27469,28024,28420,28801,29196,29604,29980,30274,30398,30710,30974,31201,31463,31740,32084,32275,32375,32630,32874,33101,33255,33471,33534,33620,33875,34098,34437,34471,34496,34533
Basilicata,40.63947052,15.80514834,556934,0,0,0,0,0,0,0,0,1,1,1,3,3,4,5,7,8,8,10,10,11,12,20,27,37,52,66,81,90,92,113,134,151,182,202,214,226,237,246,261,264,278,287,291,297,303,308,312,315,319,319,320,336,337,339,342,342,350,354,356,360,361,366,366,366,366,367,378,380,386,386,396,399,383,382,382,385,386,387,389,389,389,390,392,392,393,393,394,394,398,399,399,399,399,399,399,399,399,399,399,399,399,399,399,399,399,400,400,401,401,401,401,401,401,401,401,401,401,401,401,401,401,401,401,401,401,402,402,402,402,404,404,404,404,404,405,405,405,406,406,406,406,405,405,405,405,408,408,408,444,447,447,448,448,449,449,449,449,452,452,453,453,453,454,454,475,476,476,476,477,477,478,482,486,485,485,491,492,494,494,497,502,502,505,508,514,518,523,524,524,524,526,541,548,555,564,565,573,587,593,605,610,613,613,618,623,628,628,631,637,638,652,669,678,691,716,763,770,776,808,841,857,906,920,934,938,953,975,997,1034,1047,1058,1066,1075,1112,1169,1226,1274,1296,1313,1398,1481,1570,1619,1696,1704,1781,1901,1987,2082,2199,2349,2460,2562,2788,2923,3172,3277,3523,3655,3879,4047,4249,4556,4821,4979,5106,5375,5612,5883,6102,6362,6570,6628,6889,7218,7454,7663,7878,8050,8142,8298,8455,8586,8728,8859,8940,9046,9105,9140,9186,9290,9375,9425,9491,9553,9648,9817,9890,9956,10029,10054,10124,10223,10378,10447,10472,10481,10498
Calabria,38.90597598,16.59440194,1924701,0,0,0,0,1,1,1,1,1,1,2,4,4,9,11,13,19,33,38,60,68,89,114,129,169,207,235,273,292,319,351,393,494,555,614,647,659,669,691,733,741,795,817,833,859,874,901,915,923,928,956,971,1009,991,1011,1035,1038,1047,1060,1069,1079,1088,1089,1096,1097,1102,1108,1112,1112,1114,1118,1119,1122,1125,1126,1129,1132,1134,1138,1140,1143,1144,1151,1151,1151,1153,1156,1156,1157,1157,1157,1157,1157,1158,1158,1158,1158,1158,1158,1158,1158,1158,1159,1159,1159,1159,1159,1159,1161,1161,1162,1162,1162,1162,1162,1165,1165,1167,1173,1174,1175,1175,1175,1178,1179,1180,1180,1181,1181,1181,1182,1183,1183,1183,1184,1185,1185,1186,1188,1216,1216,1216,1218,1226,1231,1238,1239,1239,1239,1243,1245,1246,1247,1247,1247,1252,1255,1262,1266,1269,1270,1270,1272,1274,1276,1283,1287,1287,1289,1300,1304,1316,1335,1345,1348,1352,1357,1367,1377,1379,1390,1398,1400,1408,1416,1422,1432,1443,1477,1491,1513,1545,1558,1577,1596,1623,1640,1648,1667,1675,1683,1701,1715,1718,1722,1741,1757,1785,1810,1832,1844,1868,1887,1896,1906,1921,1952,1957,1967,1985,2002,2020,2044,2063,2086,2109,2125,2146,2188,2256,2291,2344,2388,2448,2487,2589,2683,2761,2869,2963,3099,3286,3445,3611,3790,3970,4204,4400,4625,4863,5065,5310,5564,5830,6092,6450,6714,7106,7465,7908,8317,8693,9119,9416,9749,10093,10390,11070,12006,12512,13027,13452,13896,14217,14524,14859,15256,15724,16150,16444,16714,17032,17262,17542,17891,18197,18537,18712,18867,19006,19175,19333,19568,19796,19962,20137,20331,20491,20720,20927,21151,21261,21493,21777,22021,22278,22515,22694,22906
Campania,40.83956555,14.25084984,5785861,0,0,0,3,4,13,17,17,30,31,45,57,61,101,120,127,154,179,220,272,333,400,460,460,652,749,844,936,1026,1101,1199,1310,1454,1592,1759,1952,2092,2231,2456,2677,2828,2960,3058,3148,3268,3344,3442,3517,3604,3670,3769,3807,3887,3951,3988,4029,4074,4135,4185,4238,4282,4299,4331,4349,4380,4410,4423,4444,4459,4484,4498,4518,4532,4541,4562,4576,4588,4602,4615,4630,4639,4654,4668,4684,4695,4707,4714,4723,4733,4744,4749,4755,4767,4773,4777,4787,4797,4802,4806,4809,4821,4822,4822,4822,4826,4828,4833,4834,4837,4608,4608,4609,4613,4613,4614,4615,4615,4615,4617,4624,4634,4645,4662,4665,4665,4665,4666,4690,4699,4702,4712,4714,4719,4746,4747,4750,4755,4762,4769,4772,4779,4779,4787,4791,4803,4818,4827,4833,4839,4858,4874,4880,4901,4912,4926,4955,4974,4990,4999,5009,5016,5020,5022,5030,5035,5050,5055,5077,5091,5114,5143,5170,5214,5232,5278,5312,5347,5403,5456,5523,5584,5722,5838,5976,6111,6241,6424,6612,6882,7066,7168,7285,7478,7649,7768,7868,8128,8377,8580,8760,8900,9003,9125,9215,9351,9537,9732,9940,10089,10260,10503,10659,10907,11102,11355,11629,11874,12169,12455,12742,13132,13524,13925,14337,14768,15163,15707,16464,17233,17897,18530,19192,19827,20645,21772,23033,24443,25819,27412,28724,30484,32025,34305,36023,38613,40594,43355,45782,48885,52071,55740,59600,62461,65432,69613,73501,78009,82318,86919,90039,92755,95921,99986,104065,107416,111187,115266,118285,121942,125276,129502,133056,136273,138431,140195,143010,146018,148942,151671,153693,155319,156432,158274,160569,162220,163741,165293,166353,167433,168794,169992,171332,172746,173965,175053,175700,176600,177527,178728,179677,180568,181259,182050,183117,184273,185282,185821,186131,186564
Emilia-Romagna,44.49436681,11.3417208,4467118,18,26,47,97,145,217,285,335,420,544,698,870,1010,1180,1386,1533,1739,1947,2263,2644,3093,3522,3931,4525,5214,5968,6705,7555,8535,9254,10054,10816,11588,12383,13119,13531,14074,14787,15333,15932,16540,17089,17556,17825,18234,18677,19128,19635,20098,20440,20752,21029,21486,21834,22184,22560,22867,23092,23434,23723,23970,24209,24450,24662,24914,25177,25436,25644,25850,26016,26175,26275,26379,26487,26598,26719,26796,26876,26929,26979,27056,27110,27182,27232,27267,27314,27364,27417,27470,27513,27558,27587,27611,27627,27701,27739,27759,27790,27809,27828,27842,27860,27877,27894,27908,27928,27946,27970,27995,28028,28056,28073,28084,28097,28111,28143,28170,28198,28221,28243,28260,28304,28351,28393,28435,28456,28472,28492,28508,28535,28562,28613,28637,28675,28706,28755,28769,28822,28869,28940,28958,28971,28989,29035,29087,29127,29178,29220,29238,29295,29350,29413,29461,29522,29555,29575,29603,29634,29670,29726,29774,29808,29850,29897,29954,30008,30052,30121,30160,30179,30220,30257,30314,30385,30436,30477,30498,30574,30626,30708,30788,30915,31031,31094,31214,31385,31547,31696,31805,31922,32021,32128,32246,32371,32504,32628,32760,32854,32963,33073,33225,33363,33504,33631,33756,33862,33972,34093,34225,34340,34456,34511,34612,34711,34833,34932,35028,35113,35210,35311,35414,35577,35743,35922,36089,36261,36454,36638,36914,37297,37681,38018,38356,38695,39148,39692,40333,40859,41410,41917,42588,43477,44365,45542,46734,47877,49285,50494,52038,53797,55841,57597,59249,61158,62914,65091,67041,69049,71408,73432,75855,78283,80684,83068,85699,88520,91066,93285,95654,97814,100344,103064,105729,108073,110571,112700,114855,117019,119184,121032,123073,124541,126110,127870,130009,131973,133761,135651,137270,138348,139800,141010,142816,144755,146325,147558,148794,150460,152204,153844,155593,157185,158345,159472,161163,163290,165044,166327,167077
Friuli Venezia Giulia,45.6494354,13.76813649,1211357,0,0,0,0,0,0,6,9,13,18,21,31,42,57,93,116,126,167,257,301,347,386,394,462,599,656,790,874,930,992,1139,1223,1317,1436,1480,1501,1593,1685,1799,1879,1986,2048,2103,2153,2218,2299,2349,2393,2431,2482,2520,2544,2616,2675,2731,2745,2775,2792,2817,2858,2882,2903,2917,2977,2995,3010,3025,3041,3059,3072,3076,3085,3094,3107,3116,3124,3130,3138,3148,3156,3161,3175,3183,3191,3198,3203,3209,3215,3227,3233,3236,3240,3251,3255,3262,3267,3271,3273,3274,3276,3276,3279,3280,3283,3283,3284,3284,3286,3287,3290,3296,3296,3296,3297,3299,3301,3303,3304,3305,3305,3305,3305,3305,3307,3307,3308,3308,3308,3312,3314,3318,3326,3326,3326,3327,3331,3332,3333,3335,3335,3335,3338,3339,3343,3346,3350,3352,3356,3358,3360,3363,3368,3373,3375,3375,3375,3378,3391,3394,3401,3411,3411,3416,3425,3432,3436,3442,3449,3449,3452,3461,3476,3484,3499,3507,3512,3522,3533,3547,3583,3616,3640,3642,3651,3684,3709,3728,3748,3764,3769,3786,3806,3831,3854,3903,3923,3934,3946,4000,4039,4073,4112,4157,4161,4181,4210,4273,4312,4345,4377,4390,4404,4461,4489,4526,4580,4608,4610,4638,4666,4723,4789,4840,4890,4911,4962,5034,5144,5290,5416,5513,5572,5610,5792,5928,6093,6260,6415,6505,6636,6855,7075,7415,7827,8161,8495,8736,9142,9610,10115,10841,11244,11462,11828,12264,12810,13352,14224,14728,15048,15530,16102,16940,17771,18329,18937,19393,19929,20725,21922,22940,23983,24658,25035,25589,26285,27099,27963,29395,30075,30650,31386,32198,32970,34010,34765,35467,35826,36484,37117,37789,38632,39516,40089,40491,41320,42099,42806,43559,44533,45191,45435,45984,45884,46715,47299,47523,47667,47854
Lazio,41.89277044,12.48366722,5865544,3,3,3,3,3,6,6,7,14,30,44,54,76,87,102,116,150,200,277,357,436,523,607,724,823,1008,1190,1383,1540,1728,1901,2096,2295,2505,2706,2914,3095,3264,3433,3600,3757,3880,4031,4149,4266,4429,4583,4723,4845,4968,5111,5232,5380,5524,5668,5755,5815,5895,5975,6054,6132,6224,6309,6392,6467,6545,6616,6672,6756,6809,6847,6914,6995,7034,7086,7133,7165,7190,7212,7250,7291,7364,7396,7446,7485,7505,7533,7558,7589,7607,7627,7643,7661,7672,7693,7709,7715,7728,7738,7743,7753,7764,7773,7801,7812,7828,7851,7869,7889,7916,7941,7955,7958,7967,7977,7986,7995,8009,8017,8025,8033,8039,8051,8064,8082,8096,8105,8110,8119,8130,8141,8172,8186,8205,8210,8224,8252,8275,8294,8314,8338,8356,8376,8385,8399,8419,8436,8450,8456,8472,8498,8516,8535,8554,8567,8577,8611,8629,8647,8665,8682,8697,8714,8726,8744,8764,8784,8822,8860,8883,8920,8956,9001,9059,9127,9178,9221,9296,9411,9548,9763,9947,10093,10236,10398,10550,10716,10887,11043,11191,11316,11446,11600,11771,11929,12051,12210,12339,12514,12677,12825,12980,13123,13304,13443,13608,13789,13982,14179,14344,14542,14780,14975,15205,15435,15654,15835,16046,16265,16475,16740,17004,17265,17509,17757,18032,18389,18748,19135,19519,19890,20285,20864,21407,22001,22796,23790,24988,25927,27151,28370,29621,31010,32697,34238,35936,37929,39892,41887,44133,46422,48773,50632,52841,55273,58008,60707,63325,65814,67967,70575,73054,75740,78665,81662,84274,86681,89219,92085,94782,97449,100107,102640,104981,107490,109592,111852,114128,116198,118191,119780,121449,123240,125009,126840,128623,130255,131627,133128,134425,135913,137143,138337,139676,140991,142150,143370,144967,146395,147805,149018,150223,151511,152457,153976,155667,156790,157767,158733
Liguria,44.41149315,8.9326992,1543127,0,1,11,19,19,42,25,22,24,26,28,32,51,78,109,141,194,274,345,463,559,667,778,887,1059,1221,1436,1665,1924,2116,2305,2567,2696,2822,3076,3217,3416,3660,3782,3965,4203,4449,4549,4757,4906,5020,5191,5376,5494,5596,5808,5936,6039,6188,6301,6528,6669,6764,6918,7049,7173,7301,7488,7642,7772,7889,7993,8126,8312,8359,8412,8475,8551,8645,8723,8738,8788,8832,8863,8930,8995,9060,9111,9159,9191,9257,9289,9344,9389,9427,9480,9497,9550,9589,9605,9619,9651,9663,9719,9734,9751,9772,9786,9799,9812,9826,9834,9854,9864,9871,9875,9879,9887,9891,9896,9903,9910,9920,9927,9935,9939,9940,9954,9958,9963,9967,9974,9977,9982,9984,9987,9991,9999,10001,10003,10006,10010,10025,10031,10031,10032,10038,10042,10050,10052,10070,10093,10105,10117,10124,10139,10144,10147,10150,10174,10177,10197,10210,10214,10230,10236,10238,10243,10250,10263,10272,10276,10283,10293,10304,10330,10393,10413,10446,10458,10474,10501,10531,10562,10583,10617,10645,10671,10683,10724,10761,10807,10854,10907,10951,10970,11017,11039,11086,11181,11292,11351,11415,11466,11580,11662,11774,11852,11917,12058,12131,12171,12329,12407,12492,12556,12661,12769,12871,12944,13041,13086,13195,13284,13335,13446,13586,13748,13869,13976,14146,14322,14474,14670,14883,15269,15455,15902,16264,16696,17281,17745,18115,18438,19345,19891,20581,21359,22394,23051,23470,24597,25523,26541,27540,28608,29344,29943,30995,32117,33325,34452,35544,36430,36968,38140,39242,40255,41464,42555,43377,43742,44427,45202,45994,46755,47516,48127,48412,48921,49381,49951,50557,51011,51448,51684,52023,52372,52794,53161,53475,53779,53907,54173,54364,54684,55024,55287,55618,55841,56043,56318,56734,57021,57292,57577,57754,57970,58198,58526,58971,59005,59104,59277
Lombardia,45.46679409,9.190347404,10103969,172,240,258,403,531,615,984,1254,1520,1820,2251,2612,3420,4189,5469,5791,7280,8725,9820,11685,13272,14649,16220,17713,19884,22264,25515,27206,28761,30703,32346,34889,37298,39415,41007,42161,43208,44773,46065,47520,49118,50455,51534,52325,53414,54802,56048,57592,59052,60314,61326,62153,63094,64135,65381,66236,66971,67931,69092,70165,71256,71969,72889,73479,74348,75134,75732,76469,77002,77528,78105,78605,79369,80089,80723,81225,81507,81871,82904,83298,83820,84119,84518,84844,85019,85481,85775,86091,86384,86825,87110,87258,87417,87801,88183,88537,88758,88968,89018,89205,89442,89526,89928,90070,90195,90389,90581,90680,90932,91204,91414,91658,91917,92060,92302,92518,92675,92840,92968,93111,93173,93261,93431,93587,93664,93761,93839,93901,94010,94108,94223,94318,94416,94527,94580,94651,94770,94905,94972,95049,95143,95173,95236,95316,95371,95459,95492,95548,95582,95633,95715,95768,95847,95921,95955,96008,96054,96142,96219,96274,96312,96337,96381,96519,96637,96706,96782,96853,96884,96952,97054,97128,97225,97319,97380,97423,97473,97564,97718,97892,98077,98316,98426,98545,98814,99100,99416,99705,99940,100075,100317,100554,100782,101119,101507,101705,101814,102085,102303,102548,102805,103074,103339,103464,103640,103799,104080,104304,104547,104758,104848,105030,105226,105455,105732,105988,106204,106323,106526,106727,107051,107358,107751,108065,108316,108666,109186,109869,110852,111992,113024,113720,114800,116644,118711,121130,123794,126769,128456,130479,134604,138729,143645,148601,154363,157933,162968,170526,177865,186825,195744,204351,209629,216433,224191,233013,242947,254436,260754,265531,276486,284666,293957,304591,312720,320780,324908,333356,340989,348442,357663,366516,371610,376899,381785,386958,392655,398044,402659,405862,407791,411839,415264,419015,423548,426696,429109,430671,432327,433560,435653,438591,441327,443662,444607,447011,450005,452735,455479,457423,459218,460168,462446,464599,467255,469883,471489,471955,472528
Marche,43.61675973,13.5188753,1518400,0,0,1,3,6,11,25,35,61,84,124,159,207,272,323,394,479,592,725,899,1133,1242,1371,1568,1737,1981,2153,2421,2569,2736,2934,3114,3196,3373,3558,3684,3825,3962,4098,4230,4341,4464,4614,4710,4859,4955,5084,5211,5303,5381,5426,5503,5582,5668,5721,5769,5826,5877,5924,5952,6028,6058,6111,6127,6175,6210,6247,6275,6298,6319,6363,6392,6421,6452,6470,6493,6533,6543,6568,6588,6603,6619,6642,6667,6678,6675,6677,6689,6697,6701,6714,6716,6718,6718,6719,6723,6727,6730,6730,6734,6735,6738,6740,6742,6745,6747,6747,6750,6751,6752,6754,6758,6762,6763,6764,6768,6768,6768,6768,6774,6775,6779,6781,6783,6785,6785,6785,6785,6786,6789,6789,6789,6790,6790,6791,6794,6798,6799,6803,6804,6804,6805,6805,6806,6809,6812,6811,6811,6813,6814,6815,6816,6818,6825,6827,6838,6855,6863,6884,6889,6897,6897,6899,6905,6914,6935,6938,6954,6956,6960,6976,6987,7019,7030,7035,7043,7058,7065,7078,7095,7105,7110,7113,7124,7133,7194,7211,7223,7238,7240,7256,7273,7294,7311,7343,7363,7369,7384,7403,7443,7484,7511,7550,7561,7575,7613,7650,7679,7703,7734,7751,7769,7801,7818,7851,7877,7901,7906,7932,7955,7983,8025,8084,8143,8165,8200,8284,8350,8399,8485,8593,8630,8712,8878,9018,9133,9254,9458,9556,9645,9871,10192,10645,10919,11440,11678,12058,12409,13095,13619,14121,14804,15177,15608,16261,16959,17656,18287,18789,19051,19555,20256,21090,21830,22609,23316,23598,23955,24434,25101,25613,26065,26594,26755,27106,27554,28073,28563,29036,29554,29806,30143,30564,31040,31532,31950,32393,32538,32831,33060,33383,33866,34317,34798,34972,35200,35680,36147,36528,36897,37269,37431,37794,38292,38707,39310,39516,39697,39828
Molise,41.55774754,14.65916051,302265,0,0,0,0,0,0,0,0,3,3,7,12,14,14,14,15,16,16,17,17,17,21,25,28,46,50,61,66,67,73,73,103,109,123,127,134,144,160,165,176,206,224,224,224,226,234,243,246,257,257,257,263,263,269,269,279,281,282,284,284,287,292,296,296,297,297,298,300,301,301,301,301,304,305,327,347,370,383,386,401,403,407,410,411,422,422,422,423,426,431,432,432,432,434,435,436,436,436,436,436,436,436,436,436,436,436,438,439,439,439,439,439,439,439,440,440,441,441,441,444,444,444,444,445,445,445,445,445,445,445,445,445,445,445,445,445,445,445,445,446,446,446,446,446,446,446,446,446,446,450,459,460,463,466,469,469,470,470,471,473,475,477,477,478,478,479,479,479,479,479,479,485,485,487,487,487,496,503,507,509,510,511,511,511,520,521,522,524,525,525,528,528,530,534,534,536,545,548,552,555,559,562,565,569,570,576,578,581,586,587,618,620,623,627,632,637,644,648,649,655,656,660,660,675,677,683,684,690,701,711,739,746,795,813,843,864,929,956,994,1020,1042,1070,1126,1192,1218,1319,1385,1404,1498,1612,1695,1796,1897,1990,2016,2123,2199,2351,2442,2540,2582,2653,2726,2789,2910,2995,3121,3268,3366,3520,3659,3816,3909,4000,4071,4177,4285,4364,4512,4626,4713,4773,4868,4921,5098,5250,5286,5338,5381,5395,5417,5490,5562,5681,5721,5758,5783,5850,5923,5972,6034,6132,6143,6170,6285,6353,6381,6382,6389
P.A. Bolzano,46.49933453,11.35662422,106951,0,1,1,1,1,1,1,1,1,1,1,4,9,9,9,38,75,104,125,173,204,241,291,376,436,548,621,678,724,781,858,906,1003,1109,1214,1325,1371,1418,1479,1559,1592,1644,1722,1811,1835,1903,1955,1957,2098,2149,2184,2224,2267,2296,2325,2380,2394,2410,2416,2435,2456,2476,2481,2496,2498,2507,2518,2528,2535,2536,2541,2542,2543,2552,2558,2567,2569,2572,2572,2575,2578,2578,2578,2581,2582,2587,2587,2587,2590,2590,2593,2593,2593,2593,2595,2595,2596,2597,2598,2598,2598,2598,2599,2600,2603,2604,2604,2604,2606,2608,2610,2613,2611,2611,2611,2613,2615,2618,2622,2633,2633,2634,2634,2634,2636,2637,2639,2639,2642,2642,2642,2645,2647,2647,2648,2650,2653,2658,2661,2666,2673,2674,2677,2678,2682,2683,2684,2684,2685,2685,2686,2687,2693,2698,2700,2692,2696,2702,2717,2725,2728,2734,2740,2745,2757,2761,2766,2773,2774,2775,2779,2781,2784,2793,2802,2804,2804,2811,2832,2837,2856,2869,2884,2893,2898,2907,2915,2924,2932,2935,2948,2958,2962,2973,2996,3003,3003,3007,3017,3037,3063,3088,3128,3135,3156,3168,3183,3255,3281,3301,3321,3329,3366,3386,3438,3467,3489,3514,3522,3539,3568,3589,3613,3645,3662,3679,3734,3803,3888,3980,4064,4109,4143,4267,4365,4493,4648,4819,4904,5113,5302,5549,5818,6095,6434,6755,6997,7187,7485,7835,8382,8916,9353,9848,10097,10859,11572,12345,13126,13709,14084,14470,15164,15984,16674,17302,17846,18104,18685,19381,20117,20665,21200,21460,21620,21961,22253,22663,23157,23594,23777,23871,24188,24562,24847,25113,25361,25476,25555,25787,26031,26283,26533,26784,26852,26940,27225,27512,27681,27876,28122,28165,28267,28398,28540,28722,28746,28803,28923
P.A. Trento,46.06893511,11.12123097,117417,0,0,0,0,0,0,0,0,4,5,7,10,14,23,33,52,77,107,163,206,378,378,385,455,523,642,782,954,1023,1110,1222,1297,1391,1505,1594,1682,1746,1870,2003,2109,2220,2285,2348,2476,2602,2708,2816,2970,3053,3126,3141,3220,3294,3376,3431,3532,3590,3614,3646,3727,3776,3838,3894,3995,4025,4069,4116,4132,4181,4247,4258,4261,4280,4283,4285,4292,4295,4297,4303,4312,4315,4318,4326,4338,4351,4358,4368,4378,4388,4395,4404,4405,4415,4422,4425,4428,4429,4430,4432,4432,4433,4433,4433,4434,4435,4436,4439,4439,4441,4443,4446,4447,4448,4448,4449,4457,4458,4458,4463,4464,4465,4852,4855,4859,4860,4863,4863,4863,4864,4865,4871,4873,4873,4873,4876,4876,4876,4879,4881,4881,4881,4881,4881,4881,4881,4884,4885,4889,4891,4911,4941,4957,4959,4965,4966,4966,4970,4973,4975,4975,4979,4981,4983,4984,4988,4992,4993,4995,4996,4998,4998,5000,5003,5003,5003,5004,5006,5008,5012,5016,5025,5028,5029,5032,5039,5054,5070,5084,5092,5096,5099,5132,5223,5246,5299,5332,5349,5352,5359,5441,5470,5492,5501,5521,5541,5573,5649,5667,5689,5734,5736,5761,5783,5806,5829,5880,5922,5942,5955,5992,6040,6079,6141,6175,6224,6264,6296,6355,6394,6444,6483,6485,6513,6542,6604,6715,6797,6845,6924,7018,7166,7319,7526,7688,7792,7905,8162,8353,8526,8748,9138,9348,9535,9647,9872,10192,10453,10704,10886,11143,11386,11639,11892,12094,12300,12568,12749,13025,13261,13527,13761,13973,14132,14225,14368,14547,14844,15073,15292,15557,15733,15889,16167,16406,16661,16887,17103,17268,17417,17599,17816,17976,18198,18355,18469,18846,19090,19553,19804,19987,20095,20154,20290,20447,20685,20839,20963,21049,21148
Piemonte,45.0732745,7.680687483,4341375,3,3,3,2,11,11,49,51,56,82,108,143,207,360,350,453,501,580,840,873,1111,1516,1897,2341,2932,3461,3752,4420,4861,5515,6024,6534,7092,7671,8206,8712,9301,9795,10353,10896,11709,12362,12924,13343,13883,14522,15012,16008,16660,17134,17690,18229,19108,19803,20464,21057,21349,21955,22739,23140,23822,24426,24820,25098,25450,25861,26289,26684,27179,27430,27622,27774,27939,28135,28368,28549,28665,28776,28889,29058,29209,29346,29483,29547,29619,29727,29885,29990,30077,30137,30180,30228,30314,30387,30445,30501,30583,30637,30658,30715,30734,30758,30807,30845,30855,30869,30890,30916,30958,30989,31029,31059,31061,31090,31131,31162,31188,31215,31241,31248,31254,31276,31296,31311,31322,31336,31338,31349,31365,31378,31394,31405,31423,31429,31434,31459,31475,31485,31494,31498,31504,31507,31515,31522,31530,31533,31536,31537,31545,31558,31567,31578,31594,31606,31610,31622,31636,31646,31667,31683,31698,31711,31719,31740,31762,31799,31830,31868,31888,31914,31956,31982,31997,32044,32084,32100,32127,32169,32221,32260,32301,32343,32383,32440,32515,32603,32694,32784,32844,32881,32923,32989,33064,33146,33200,33256,33293,33335,33447,33521,33578,33671,33753,33814,33853,33970,34040,34167,34241,34339,34396,34480,34575,34679,34799,34906,35038,35132,35232,35402,35512,35731,36010,36183,36312,36571,36858,37194,37595,38094,38503,38957,39542,40041,41074,41895,42867,43990,44923,46319,48118,49668,51700,53248,55535,57160,59618,62445,65030,67749,70636,72660,74663,77832,81409,84580,89458,93895,97779,100655,104314,107267,112054,117312,121783,125465,128941,131547,134828,140177,144038,146934,149575,151305,153375,156253,159004,162153,164310,166331,167516,169133,170701,172931,175063,176519,177788,178699,179651,180557,181531,183084,184527,185538,186066,187172,188387,189270,187890,188528,189357,189968,190510,191443,192500,193375,193792,194262,194575
Puglia,41.12559576,16.86736689,4008296,0,0,0,1,3,3,3,4,6,9,14,17,26,40,50,59,77,104,129,166,230,230,340,383,478,581,675,786,906,1005,1093,1182,1334,1458,1549,1712,1803,1946,2077,2182,2240,2317,2444,2514,2634,2716,2809,2904,2989,3065,3118,3184,3258,3327,3409,3529,3567,3622,3730,3839,3881,3912,3948,3958,3980,4029,4072,4099,4133,4144,4153,4170,4196,4245,4256,4286,4313,4327,4337,4348,4357,4366,4374,4379,4386,4396,4407,4413,4440,4448,4458,4467,4469,4479,4481,4482,4490,4494,4498,4498,4499,4503,4507,4511,4511,4512,4512,4512,4513,4515,4515,4515,4516,4516,4516,4519,4520,4525,4527,4527,4529,4529,4530,4531,4531,4531,4531,4531,4530,4530,4533,4536,4536,4536,4535,4536,4536,4540,4541,4541,4541,4541,4541,4542,4547,4550,4557,4557,4556,4556,4565,4578,4586,4589,4592,4596,4606,4609,4611,4631,4639,4648,4655,4678,4685,4696,4705,4714,4740,4760,4793,4809,4821,4843,4858,4862,4882,4915,4935,4970,4992,5025,5070,5119,5170,5217,5268,5333,5402,5440,5479,5546,5624,5741,5796,5856,5899,6042,6139,6209,6291,6367,6449,6510,6586,6689,6752,6836,6944,6994,7075,7142,7231,7304,7394,7445,7521,7611,7687,7786,7900,7972,8083,8234,8317,8423,8619,8867,9116,9300,9512,9669,9849,10164,10421,10734,11084,11385,11706,12001,12325,12810,13400,14031,14546,14970,15581,16353,17069,17860,18622,19302,19928,21091,22085,22935,23881,24935,25701,26431,27676,29008,30442,31792,33533,34438,35482,36716,38084,39347,40803,42180,43507,44487,46054,47565,49001,50738,52311,53218,54320,55979,57647,59249,60668,62552,64341,65342,66257,67174,68506,70319,71797,72972,73628,74651,76039,77112,78426,79808,80599,81387,82263,83205,84663,85674,86218,86439,87084
Sardegna,39.21531192,9.110616306,1630474,0,0,0,0,0,0,0,0,1,2,2,5,5,11,19,20,37,39,43,47,77,107,117,134,206,293,330,339,359,421,442,494,530,624,638,682,722,745,794,825,874,907,922,935,975,1026,1063,1091,1113,1128,1138,1161,1164,1178,1198,1215,1228,1236,1247,1254,1257,1271,1280,1283,1285,1290,1295,1313,1315,1319,1317,1318,1319,1324,1330,1334,1340,1343,1344,1345,1345,1348,1352,1353,1353,1354,1355,1356,1356,1356,1356,1354,1354,1355,1355,1356,1356,1356,1357,1357,1357,1357,1359,1362,1362,1362,1361,1361,1362,1363,1363,1363,1363,1365,1366,1367,1368,1369,1369,1369,1360,1361,1362,1362,1363,1364,1364,1366,1366,1368,1369,1369,1370,1371,1371,1371,1371,1372,1372,1372,1373,1374,1376,1377,1377,1378,1379,1379,1379,1380,1382,1385,1388,1388,1386,1392,1394,1394,1404,1410,1414,1416,1418,1427,1430,1433,1433,1439,1441,1461,1462,1479,1484,1489,1493,1500,1512,1549,1567,1609,1653,1734,1825,1859,1912,1967,2022,2092,2114,2193,2243,2316,2355,2421,2486,2505,2564,2615,2662,2725,2790,2841,2874,2928,2964,2991,3042,3108,3167,3239,3303,3356,3405,3471,3528,3591,3730,3767,3849,3900,3996,4056,4118,4229,4317,4380,4481,4608,4742,4866,5009,5138,5295,5417,5603,5736,5866,6096,6255,6476,6643,6886,7235,7564,7759,7990,8164,8526,8808,9106,9431,9830,10154,10456,10640,11053,11412,11837,12261,12588,13077,13493,13794,14417,14813,15183,15594,16096,16518,16997,17578,18089,18493,18998,19288,19639,20044,20419,20730,21146,21475,21895,22340,22878,23429,23893,24186,24552,24778,25031,25279,25477,25645,26278,26506,26737,27142,27410,27695,28075,28386,28683,28867,29136,29467,29876,30049,30145,30301
Sicilia,38.11569725,13.362356699999998,4968410,0,3,3,4,4,4,9,7,7,18,18,24,35,53,54,62,83,115,130,156,188,213,237,282,340,408,490,630,721,846,994,1164,1250,1359,1460,1555,1647,1718,1791,1859,1932,1994,2046,2097,2159,2232,2302,2364,2416,2458,2501,2535,2579,2625,2672,2717,2759,2835,2883,2926,2981,3020,3055,3085,3120,3140,3166,3194,3213,3240,3255,3267,3281,3288,3301,3313,3327,3339,3343,3354,3366,3374,3382,3388,3395,3403,3411,3417,3421,3421,3423,3427,3430,3435,3438,3440,3442,3443,3443,3447,3447,3447,3448,3450,3451,3452,3454,3455,3455,3455,3456,3457,3458,3460,3462,3464,3070,3070,3072,3072,3073,3074,3076,3076,3077,3077,3078,3080,3081,3090,3091,3094,3094,3095,3096,3097,3098,3098,3099,3099,3100,3115,3115,3132,3136,3140,3142,3144,3146,3153,3158,3166,3179,3193,3196,3215,3233,3272,3288,3298,3305,3308,3318,3339,3369,3396,3424,3453,3485,3574,3603,3645,3681,3727,3766,3780,3793,3838,3875,3919,3967,4002,4067,4091,4124,4174,4228,4257,4291,4317,4350,4433,4487,4565,4679,4716,4765,4849,4926,5032,5136,5180,5241,5306,5383,5473,5569,5748,5846,5962,6037,6145,6234,6359,6466,6576,6683,6785,6948,7118,7274,7414,7596,7681,7809,8007,8220,8479,8712,8997,9294,9592,9926,10292,10691,11269,11744,12292,12654,13228,13790,14586,15316,16202,16897,17465,18325,19033,19822,20806,21758,22853,23877,24925,26080,27402,28825,30188,31271,32294,33495,34982,36674,38381,40110,41532,42993,44691,46528,48399,50033,51871,53129,54378,55684,57001,58769,60335,61524,62548,63686,65085,66568,67862,69227,70467,71489,72407,73555,74308,75367,76366,77382,78190,79104,80191,81256,82128,82859,83737,84529,85198,86092,87024,87877,88597,88934,89616,90266
Toscana,43.76923077,11.25588885,3722729,0,2,2,2,8,11,13,13,19,38,61,79,113,166,208,264,320,364,470,630,781,866,1053,1330,1482,1793,2012,2277,2461,2699,2972,3226,3450,3817,4122,4412,4608,4867,5273,5499,5671,5847,6001,6173,6379,6552,6727,6958,7235,7390,7527,7666,7943,8110,8237,8372,8507,8603,8700,8780,8877,9015,9147,9179,9231,9292,9352,9445,9525,9563,9601,9631,9657,9683,9721,9745,9774,9787,9802,9829,9859,9883,9913,9948,9961,9968,9982,10000,10035,10047,10062,10067,10070,10082,10086,10088,10100,10104,10107,10117,10121,10122,10129,10134,10135,10144,10145,10148,10158,10165,10172,10180,10188,10191,10193,10195,10205,10207,10210,10211,10217,10222,10224,10226,10238,10243,10248,10250,10254,10258,10267,10276,10285,10287,10306,10313,10314,10316,10321,10322,10326,10330,10338,10350,10356,10358,10374,10375,10384,10390,10394,10405,10415,10430,10438,10441,10458,10469,10483,10489,10498,10508,10519,10530,10547,10560,10583,10644,10652,10674,10707,10735,10761,10799,10833,10854,10885,10925,10984,11063,11116,11175,11219,11253,11414,11513,11595,11687,11785,11858,11898,11967,12080,12179,12292,12414,12499,12558,12646,12738,12885,13023,13114,13173,13214,13304,13423,13522,13665,13812,13896,13970,14060,14216,14355,14465,14566,14651,14707,14827,14971,15194,15391,15579,15764,15973,16273,16612,17095,17643,18160,18626,19106,19681,20262,21017,21896,22802,23788,24600,25466,26611,27901,29427,31290,33461,35284,36992,38958,41723,44263,46642,48651,50987,52815,55088,57680,60467,62946,65190,67413,69920,71852,74330,76750,79403,81836,84197,86705,88677,90884,92776,94705,96028,96990,97976,99327,100444,101640,102548,103441,104099,104875,105804,106875,107644,108397,108990,109418,109923,110440,111097,111671,112344,112789,113121,113610,114246,114760,115300,115783,116235,116544,116979,117542,118155,118557,118784,118965
Umbria,43.10675841,12.38824698,880285,0,0,0,0,0,0,2,2,8,9,9,16,24,26,28,37,46,64,76,107,143,164,197,247,334,395,462,521,577,648,710,802,884,969,1023,1051,1078,1095,1128,1179,1210,1239,1253,1263,1289,1298,1302,1309,1319,1320,1321,1322,1329,1337,1344,1348,1349,1353,1357,1362,1363,1366,1368,1370,1379,1391,1392,1393,1394,1394,1394,1400,1404,1405,1406,1407,1411,1412,1419,1419,1420,1422,1422,1424,1424,1427,1427,1429,1429,1430,1430,1430,1431,1431,1431,1431,1431,1431,1431,1431,1431,1431,1431,1431,1432,1432,1435,1436,1436,1436,1436,1436,1436,1437,1437,1437,1438,1438,1438,1438,1438,1439,1439,1440,1440,1440,1440,1441,1441,1444,1446,1447,1447,1447,1447,1447,1447,1448,1448,1450,1450,1450,1452,1452,1454,1456,1456,1456,1459,1461,1463,1465,1465,1465,1465,1465,1465,1465,1466,1472,1474,1475,1477,1479,1482,1488,1498,1505,1510,1511,1517,1524,1532,1545,1548,1549,1559,1563,1580,1602,1620,1639,1650,1679,1699,1719,1741,1753,1784,1793,1803,1830,1839,1874,1890,1915,1928,1935,1968,1992,2009,2042,2066,2078,2100,2117,2139,2160,2192,2216,2221,2247,2266,2295,2318,2353,2374,2385,2408,2454,2500,2562,2604,2676,2695,2757,2822,2906,3057,3189,3324,3472,3608,3749,4012,4210,4415,4742,4909,5103,5453,5860,6307,6832,7295,7558,7872,8273,8967,9696,10179,10947,11140,11560,12056,12824,13591,14279,14939,15253,15738,16253,17036,17640,18219,18876,19159,19510,20011,20567,20961,21369,21769,21874,22092,22478,22821,23082,23430,23740,23808,23952,24230,24516,24684,24910,25144,25209,25344,25433,25615,25834,26045,26190,26239,26418,26587,26767,26909,27128,27241,27282,27396,27553,27745,27977,28028,28064,28152
Valle d'Aosta,45.73750286,7.320149366,125501,0,0,0,0,0,0,0,0,0,0,2,7,8,9,15,17,20,27,28,42,57,105,136,165,215,264,313,364,393,400,401,408,452,511,584,584,628,631,668,719,748,782,805,835,850,868,879,902,921,927,947,958,971,993,1073,1088,1088,1093,1095,1096,1100,1100,1106,1111,1119,1124,1128,1133,1136,1142,1143,1143,1146,1150,1151,1152,1157,1158,1160,1163,1166,1172,1173,1173,1174,1175,1175,1176,1177,1177,1178,1179,1181,1181,1182,1182,1183,1184,1187,1187,1187,1187,1187,1189,1191,1191,1191,1191,1191,1191,1191,1191,1191,1191,1191,1191,1191,1193,1193,1193,1193,1194,1194,1194,1194,1194,1194,1195,1195,1195,1196,1196,1196,1196,1196,1196,1196,1196,1196,1196,1196,1196,1196,1196,1196,1196,1196,1196,1196,1196,1196,1196,1196,1196,1196,1206,1208,1208,1208,1208,1209,1209,1209,1209,1210,1214,1216,1216,1217,1217,1217,1217,1217,1217,1217,1218,1218,1220,1221,1221,1221,1221,1221,1223,1223,1224,1226,1230,1232,1241,1241,1243,1247,1249,1249,1249,1249,1254,1254,1254,1257,1258,1260,1263,1266,1267,1268,1276,1276,1279,1281,1282,1284,1287,1288,1299,1299,1300,1308,1314,1315,1326,1326,1333,1346,1351,1366,1384,1402,1446,1464,1496,1529,1566,1633,1660,1738,1811,1946,2021,2132,2219,2316,2428,2525,2669,2726,2803,2981,3136,3240,3375,3497,3591,3720,3834,3963,4080,4135,4336,4463,4588,4755,4858,5103,5246,5345,5499,5586,5677,5832,5923,6022,6099,6172,6199,6243,6344,6416,6463,6510,6535,6577,6619,6646,6692,6726,6748,6766,6783,6801,6812,6837,6871,6885,6905,6943,6962,6986,7009,7031,7040,7073,7084,7119,7130,7154,7181,7242
Veneto,45.43490485,12.33845213,4907704,33,43,71,111,151,191,263,273,307,360,407,488,543,670,744,856,1023,1384,1595,1937,2172,2473,2704,3214,3484,4031,4617,5122,5505,5948,6442,6935,7497,7930,8358,8724,9155,9625,10111,10464,10824,11226,11588,11925,12410,12933,13421,13768,14077,14251,14432,14624,14990,15374,15692,15935,16127,16404,16738,16881,17229,17391,17471,17579,17708,17825,17960,18098,18224,18318,18373,18402,18479,18553,18618,18671,18722,18741,18782,18813,18845,18889,18928,18941,18950,18997,19030,19038,19059,19069,19086,19097,19105,19113,19125,19134,19146,19152,19154,19162,19164,19168,19174,19182,19183,19187,19191,19194,19199,19199,19212,19219,19220,19221,19225,19233,19235,19238,19245,19247,19250,19253,19257,19262,19264,19275,19278,19286,19289,19309,19314,19318,19326,19327,19341,19348,19358,19369,19379,19395,19401,19420,19441,19470,19525,19559,19607,19649,19671,19707,19729,19759,19790,19809,19825,19849,19891,20003,20120,20166,20211,20233,20253,20294,20352,20535,20598,20656,20676,20741,20801,20885,21012,21132,21210,21256,21316,21375,21534,21650,21810,21955,22071,22190,22337,22469,22604,22755,22864,22929,23026,23189,23304,23577,23765,23944,24013,24118,24209,24356,24529,24667,24809,24864,24979,25138,25247,25423,25609,25782,25885,26004,26154,26402,26598,26814,26973,27156,27296,27451,27896,28087,28363,28624,28854,29043,29418,29909,30504,31065,31503,31831,32316,32973,33573,34277,35051,35851,36353,36843,38265,39590,41140,42869,44337,45466,46992,49135,51244,54256,56953,59253,60797,63095,65531,68795,72092,75907,79269,81492,84255,87337,90901,94506,98084,100876,102842,105966,108938,112691,116159,119726,122682,125222,127416,130076,134056,137474,140972,143589,145592,148127,150909,154490,158198,161805,165249,167799,170944,173371,177568,181451,186549,190641,193470,196790,200607,205009,209220,213054,216923,219506,222588,225945,229782,234792,237315,240652,243434
